{"playerData":{"position":{"x":10.933307647705079,"y":0.5920000076293945,"z":10.074846267700196},"rotation":{"x":0.5000020861625671,"y":-0.5000024437904358,"z":-0.4999997317790985,"w":-0.4999958276748657},"health":3,"stims":0,"hasUsedStim":false,"inTutorial":false},"checkpointStates":[false,true,false],"doorStates":[1,0,1,0,1,1,0,0,0,0,0,3,1]}