{"playerData":{"position":{"x":9.406621932983399,"y":0.6854186058044434,"z":10.89651107788086},"rotation":{"x":0.4999997615814209,"y":-0.5000002980232239,"z":-0.5000022649765015,"w":-0.4999977648258209},"health":3,"stims":0,"hasUsedStim":false,"inTutorial":false},"checkpoints":[]}