{"playerData":{"position":{"x":37.426639556884769,"y":0.7699999809265137,"z":8.254024505615235},"rotation":{"x":0.5000128149986267,"y":-0.4999954104423523,"z":-0.4999895989894867,"w":-0.5000022649765015},"health":4,"stims":2,"hasUsedStim":true,"inTutorial":false},"checkpointStates":[false,false,false],"doorStates":[1,1,1,1,1,1,0,0,0,0,0,0,3,1]}