{"playerData":{"position":{"x":10.933307647705079,"y":0.5920000076293945,"z":10.074846267700196},"rotation":{"x":0.5000008344650269,"y":-0.4999980926513672,"z":-0.49999943375587466,"w":-0.5000016689300537},"health":3,"stims":0,"hasUsedStim":false,"inTutorial":false},"checkpointStates":[false,true,false],"doorStates":[1,0,1,0,1,1,0,0,0,0,0,3,1]}