{"playerData":{"position":{"x":10.933307647705079,"y":0.5920000076293945,"z":10.074846267700196},"rotation":{"x":0.49999719858169558,"y":-0.49999967217445376,"z":-0.4999977648258209,"w":-0.500005304813385},"health":3,"stims":0,"hasUsedStim":false,"inTutorial":false},"checkpointStates":[false,true,false],"doorStates":[1,0,1,0,1,1,0,0,0,0,0,3,1]}