{"playerData":{"position":{"x":9.405160903930664,"y":0.9941525459289551,"z":9.486440658569336},"rotation":{"x":0.499999076128006,"y":-0.4999993145465851,"z":-0.5000025033950806,"w":-0.49999919533729555},"health":3,"stims":0,"hasUsedStim":false,"inTutorial":false},"checkpointStates":[false,true,false]}