{"playerData":{"position":{"x":9.43284797668457,"y":0.7302889823913574,"z":10.430940628051758},"rotation":{"x":0.499997615814209,"y":-0.5000002384185791,"z":-0.4999995231628418,"w":-0.5000026822090149},"health":3,"stims":0,"hasUsedStim":false,"inTutorial":false},"checkpointStates":[false,true,false],"doorStates":[1,0,1,0,1,1,0,0,0,0,0,3,1]}