{"playerData":{"position":{"x":37.426639556884769,"y":0.7699999809265137,"z":8.254024505615235},"rotation":{"x":0.4999871551990509,"y":-0.5000132918357849,"z":-0.5000177025794983,"w":-0.49998190999031069},"health":4,"stims":2,"hasUsedStim":true,"inTutorial":false},"checkpointStates":[false,true,false],"doorStates":[1,1,1,1,1,1,0,0,0,0,0,3,1]}