{"playerData":{"position":{"x":10.933307647705079,"y":0.5920000076293945,"z":10.074846267700196},"rotation":{"x":0.5000038146972656,"y":-0.5000022649765015,"z":-0.4999943971633911,"w":-0.4999995231628418},"health":3,"stims":0,"hasUsedStim":false,"inTutorial":false},"checkpointStates":[false,true,false],"doorStates":[1,0,1,0,1,1,0,0,0,0,0,3,1]}